{
  "users": [],
  "resources": [],
  "progress": [],
  "announcements": [
    {
      "id": "1",
      "title": "Welcome to WaizVault!",
      "message": "🎉 New JEE 2025 Study Materials Added!",
      "type": "success",
      "targetClass": null,
      "createdBy": "system",
      "createdAt": "2025-01-01T00:00:00.000Z",
      "isActive": true
    },
    {
      "id": "2", 
      "title": "Board Exam Special",
      "message": "📚 Class 12 Board Exam Special Notes Available",
      "type": "info",
      "targetClass": "12",
      "createdBy": "system",
      "createdAt": "2025-01-01T00:00:00.000Z",
      "isActive": true
    },
    {
      "id": "3",
      "title": "Waiz Bhaiya Update",
      "message": "🔥 Waiz Bhaiya's Top 30 Resources Updated",
      "type": "warning",
      "targetClass": null,
      "createdBy": "system", 
      "createdAt": "2025-01-01T00:00:00.000Z",
      "isActive": true
    },
    {
      "id": "4",
      "title": "Free Mock Tests",
      "message": "💡 Free Mock Tests for All Classes",
      "type": "info",
      "targetClass": null,
      "createdBy": "system",
      "createdAt": "2025-01-01T00:00:00.000Z", 
      "isActive": true
    }
  ],
  "analytics": []
}